window,cadence,construction,metric,value
Post-Training OOS (2026-03-20 to 2026-05-15),weekly,pure_topk,n_rebalances,8.0
Post-Training OOS (2026-03-20 to 2026-05-15),weekly,pure_topk,net_cum_return_pct,20.30562192857022
Post-Training OOS (2026-03-20 to 2026-05-15),weekly,pure_topk,gross_cum_return_pct,20.52735608764797
Post-Training OOS (2026-03-20 to 2026-05-15),weekly,pure_topk,net_sharpe,3.101676456528417
Post-Training OOS (2026-03-20 to 2026-05-15),weekly,pure_topk,gross_sharpe,3.135482089389511
Post-Training OOS (2026-03-20 to 2026-05-15),weekly,pure_topk,max_drawdown_pct,-3.6835919951242975
Post-Training OOS (2026-03-20 to 2026-05-15),weekly,pure_topk,avg_turnover_per_rebalance,0.46160550037986803
Post-Training OOS (2026-03-20 to 2026-05-15),weekly,pure_topk,cost_drag_pp,0.2217341590777515
Post-Training OOS (2026-03-20 to 2026-05-15),weekly,pure_topk,information_ratio_vs_bh,-1.5653111619800615
Post-Training OOS (2026-03-20 to 2026-05-15),weekly,pure_topk,bh_cum_return_pct,24.183412190984946
Post-Training OOS (2026-03-20 to 2026-05-15),weekly,pure_topk,bh_sharpe,4.0493757958168235
Post-Training OOS (2026-03-20 to 2026-05-15),weekly,overlay_80_20,n_rebalances,8.0
Post-Training OOS (2026-03-20 to 2026-05-15),weekly,overlay_80_20,net_cum_return_pct,23.367876318710607
Post-Training OOS (2026-03-20 to 2026-05-15),weekly,overlay_80_20,gross_cum_return_pct,23.463344830381267
Post-Training OOS (2026-03-20 to 2026-05-15),weekly,overlay_80_20,net_sharpe,3.8576101143009978
Post-Training OOS (2026-03-20 to 2026-05-15),weekly,overlay_80_20,gross_sharpe,3.8761255402490433
Post-Training OOS (2026-03-20 to 2026-05-15),weekly,overlay_80_20,max_drawdown_pct,-1.953386983300115
Post-Training OOS (2026-03-20 to 2026-05-15),weekly,overlay_80_20,avg_turnover_per_rebalance,0.19232110007597358
Post-Training OOS (2026-03-20 to 2026-05-15),weekly,overlay_80_20,cost_drag_pp,0.09546851167065995
Post-Training OOS (2026-03-20 to 2026-05-15),weekly,overlay_80_20,information_ratio_vs_bh,-1.6387855356142897
Post-Training OOS (2026-03-20 to 2026-05-15),weekly,overlay_80_20,bh_cum_return_pct,24.183412190984946
Post-Training OOS (2026-03-20 to 2026-05-15),weekly,overlay_80_20,bh_sharpe,4.0493757958168235
Post-Training OOS (2026-03-20 to 2026-05-15),biweekly,pure_topk,n_rebalances,4.0
Post-Training OOS (2026-03-20 to 2026-05-15),biweekly,pure_topk,net_cum_return_pct,19.96928216831886
Post-Training OOS (2026-03-20 to 2026-05-15),biweekly,pure_topk,gross_cum_return_pct,20.098358554335483
Post-Training OOS (2026-03-20 to 2026-05-15),biweekly,pure_topk,net_sharpe,4.1413724918669175
Post-Training OOS (2026-03-20 to 2026-05-15),biweekly,pure_topk,gross_sharpe,4.157243740231238
Post-Training OOS (2026-03-20 to 2026-05-15),biweekly,pure_topk,max_drawdown_pct,-3.129702229123795
Post-Training OOS (2026-03-20 to 2026-05-15),biweekly,pure_topk,avg_turnover_per_rebalance,0.573198641771695
Post-Training OOS (2026-03-20 to 2026-05-15),biweekly,pure_topk,cost_drag_pp,0.1290763860166244
Post-Training OOS (2026-03-20 to 2026-05-15),biweekly,pure_topk,information_ratio_vs_bh,-0.931395606814079
Post-Training OOS (2026-03-20 to 2026-05-15),biweekly,pure_topk,bh_cum_return_pct,23.146559914334265
Post-Training OOS (2026-03-20 to 2026-05-15),biweekly,pure_topk,bh_sharpe,5.453341874506018
Post-Training OOS (2026-03-20 to 2026-05-15),biweekly,overlay_80_20,n_rebalances,4.0
Post-Training OOS (2026-03-20 to 2026-05-15),biweekly,overlay_80_20,net_cum_return_pct,22.493536734102108
Post-Training OOS (2026-03-20 to 2026-05-15),biweekly,overlay_80_20,gross_cum_return_pct,22.564460311004442
Post-Training OOS (2026-03-20 to 2026-05-15),biweekly,overlay_80_20,net_sharpe,5.353184210178195
Post-Training OOS (2026-03-20 to 2026-05-15),biweekly,overlay_80_20,gross_sharpe,5.353849678185515
Post-Training OOS (2026-03-20 to 2026-05-15),biweekly,overlay_80_20,max_drawdown_pct,-1.9475302408358846
Post-Training OOS (2026-03-20 to 2026-05-15),biweekly,overlay_80_20,avg_turnover_per_rebalance,0.31463972835433895
Post-Training OOS (2026-03-20 to 2026-05-15),biweekly,overlay_80_20,cost_drag_pp,0.07092357690233442
Post-Training OOS (2026-03-20 to 2026-05-15),biweekly,overlay_80_20,information_ratio_vs_bh,-0.983642746533856
Post-Training OOS (2026-03-20 to 2026-05-15),biweekly,overlay_80_20,bh_cum_return_pct,23.146559914334265
Post-Training OOS (2026-03-20 to 2026-05-15),biweekly,overlay_80_20,bh_sharpe,5.453341874506018
Post-Training OOS (2026-03-20 to 2026-05-15),monthly,pure_topk,n_rebalances,3.0
Post-Training OOS (2026-03-20 to 2026-05-15),monthly,pure_topk,net_cum_return_pct,22.816905632664366
Post-Training OOS (2026-03-20 to 2026-05-15),monthly,pure_topk,gross_cum_return_pct,22.923872639577567
Post-Training OOS (2026-03-20 to 2026-05-15),monthly,pure_topk,net_sharpe,3.5610367896929227
Post-Training OOS (2026-03-20 to 2026-05-15),monthly,pure_topk,gross_sharpe,3.5703316459185737
Post-Training OOS (2026-03-20 to 2026-05-15),monthly,pure_topk,max_drawdown_pct,-0.0243203510075571
Post-Training OOS (2026-03-20 to 2026-05-15),monthly,pure_topk,avg_turnover_per_rebalance,0.6312203488819428
Post-Training OOS (2026-03-20 to 2026-05-15),monthly,pure_topk,cost_drag_pp,0.1069670069132016
Post-Training OOS (2026-03-20 to 2026-05-15),monthly,pure_topk,information_ratio_vs_bh,-0.6493735645727738
Post-Training OOS (2026-03-20 to 2026-05-15),monthly,pure_topk,bh_cum_return_pct,24.94899312404048
Post-Training OOS (2026-03-20 to 2026-05-15),monthly,pure_topk,bh_sharpe,2.7792427328846934
Post-Training OOS (2026-03-20 to 2026-05-15),monthly,overlay_80_20,n_rebalances,3.0
Post-Training OOS (2026-03-20 to 2026-05-15),monthly,overlay_80_20,net_cum_return_pct,24.50400339426684
Post-Training OOS (2026-03-20 to 2026-05-15),monthly,overlay_80_20,gross_cum_return_pct,24.567576676834214
Post-Training OOS (2026-03-20 to 2026-05-15),monthly,overlay_80_20,net_sharpe,2.9194628287223385
Post-Training OOS (2026-03-20 to 2026-05-15),monthly,overlay_80_20,gross_sharpe,2.918921929224643
Post-Training OOS (2026-03-20 to 2026-05-15),monthly,overlay_80_20,max_drawdown_pct,-0.004864070201521879
Post-Training OOS (2026-03-20 to 2026-05-15),monthly,overlay_80_20,avg_turnover_per_rebalance,0.39291073644305513
Post-Training OOS (2026-03-20 to 2026-05-15),monthly,overlay_80_20,cost_drag_pp,0.0635732825673756
Post-Training OOS (2026-03-20 to 2026-05-15),monthly,overlay_80_20,information_ratio_vs_bh,-0.6879564361027475
Post-Training OOS (2026-03-20 to 2026-05-15),monthly,overlay_80_20,bh_cum_return_pct,24.94899312404048
Post-Training OOS (2026-03-20 to 2026-05-15),monthly,overlay_80_20,bh_sharpe,2.7792427328846934
Pre-Training OOS (2023-07-01 to 2025-03-01),weekly,pure_topk,n_rebalances,86.0
Pre-Training OOS (2023-07-01 to 2025-03-01),weekly,pure_topk,net_cum_return_pct,12.463621136075744
Pre-Training OOS (2023-07-01 to 2025-03-01),weekly,pure_topk,gross_cum_return_pct,14.472021881007349
Pre-Training OOS (2023-07-01 to 2025-03-01),weekly,pure_topk,net_sharpe,0.4259335484185657
Pre-Training OOS (2023-07-01 to 2025-03-01),weekly,pure_topk,gross_sharpe,0.47359689813973427
Pre-Training OOS (2023-07-01 to 2025-03-01),weekly,pure_topk,max_drawdown_pct,-17.83152385188089
Pre-Training OOS (2023-07-01 to 2025-03-01),weekly,pure_topk,avg_turnover_per_rebalance,0.41279096951070193
Pre-Training OOS (2023-07-01 to 2025-03-01),weekly,pure_topk,cost_drag_pp,2.0084007449316044
Pre-Training OOS (2023-07-01 to 2025-03-01),weekly,pure_topk,information_ratio_vs_bh,-0.6599425019143565
Pre-Training OOS (2023-07-01 to 2025-03-01),weekly,pure_topk,bh_cum_return_pct,27.428539459264172
Pre-Training OOS (2023-07-01 to 2025-03-01),weekly,pure_topk,bh_sharpe,0.7675873953836115
Pre-Training OOS (2023-07-01 to 2025-03-01),weekly,overlay_80_20,n_rebalances,86.0
Pre-Training OOS (2023-07-01 to 2025-03-01),weekly,overlay_80_20,net_cum_return_pct,24.443479509019543
Pre-Training OOS (2023-07-01 to 2025-03-01),weekly,overlay_80_20,gross_cum_return_pct,24.932474966606915
Pre-Training OOS (2023-07-01 to 2025-03-01),weekly,overlay_80_20,net_sharpe,0.7129517940566914
Pre-Training OOS (2023-07-01 to 2025-03-01),weekly,overlay_80_20,gross_sharpe,0.7237131855321278
Pre-Training OOS (2023-07-01 to 2025-03-01),weekly,overlay_80_20,max_drawdown_pct,-16.80269874540718
Pre-Training OOS (2023-07-01 to 2025-03-01),weekly,overlay_80_20,avg_turnover_per_rebalance,0.09186051948353571
Pre-Training OOS (2023-07-01 to 2025-03-01),weekly,overlay_80_20,cost_drag_pp,0.4889954575873716
Pre-Training OOS (2023-07-01 to 2025-03-01),weekly,overlay_80_20,information_ratio_vs_bh,-0.6713607450983806
Pre-Training OOS (2023-07-01 to 2025-03-01),weekly,overlay_80_20,bh_cum_return_pct,27.428539459264172
Pre-Training OOS (2023-07-01 to 2025-03-01),weekly,overlay_80_20,bh_sharpe,0.7675873953836115
Pre-Training OOS (2023-07-01 to 2025-03-01),biweekly,pure_topk,n_rebalances,43.0
Pre-Training OOS (2023-07-01 to 2025-03-01),biweekly,pure_topk,net_cum_return_pct,12.458097803726924
Pre-Training OOS (2023-07-01 to 2025-03-01),biweekly,pure_topk,gross_cum_return_pct,13.86303832734613
Pre-Training OOS (2023-07-01 to 2025-03-01),biweekly,pure_topk,net_sharpe,0.42724722271928695
Pre-Training OOS (2023-07-01 to 2025-03-01),biweekly,pure_topk,gross_sharpe,0.4609940444721865
Pre-Training OOS (2023-07-01 to 2025-03-01),biweekly,pure_topk,max_drawdown_pct,-17.40097358561781
Pre-Training OOS (2023-07-01 to 2025-03-01),biweekly,pure_topk,avg_turnover_per_rebalance,0.5810770474933047
Pre-Training OOS (2023-07-01 to 2025-03-01),biweekly,pure_topk,cost_drag_pp,1.4049405236192065
Pre-Training OOS (2023-07-01 to 2025-03-01),biweekly,pure_topk,information_ratio_vs_bh,-0.6252104502418263
Pre-Training OOS (2023-07-01 to 2025-03-01),biweekly,pure_topk,bh_cum_return_pct,25.795886570380006
Pre-Training OOS (2023-07-01 to 2025-03-01),biweekly,pure_topk,bh_sharpe,0.7473549602262881
Pre-Training OOS (2023-07-01 to 2025-03-01),biweekly,overlay_80_20,n_rebalances,43.0
Pre-Training OOS (2023-07-01 to 2025-03-01),biweekly,overlay_80_20,net_cum_return_pct,23.14267996881297
Pre-Training OOS (2023-07-01 to 2025-03-01),biweekly,overlay_80_20,gross_cum_return_pct,23.49647646664884
Pre-Training OOS (2023-07-01 to 2025-03-01),biweekly,overlay_80_20,net_sharpe,0.6946899722752425
Pre-Training OOS (2023-07-01 to 2025-03-01),biweekly,overlay_80_20,gross_sharpe,0.7027369219478887
Pre-Training OOS (2023-07-01 to 2025-03-01),biweekly,overlay_80_20,max_drawdown_pct,-16.7590298056988
Pre-Training OOS (2023-07-01 to 2025-03-01),biweekly,overlay_80_20,avg_turnover_per_rebalance,0.13482006066145164
Pre-Training OOS (2023-07-01 to 2025-03-01),biweekly,overlay_80_20,cost_drag_pp,0.3537964978358694
Pre-Training OOS (2023-07-01 to 2025-03-01),biweekly,overlay_80_20,information_ratio_vs_bh,-0.637542289352584
Pre-Training OOS (2023-07-01 to 2025-03-01),biweekly,overlay_80_20,bh_cum_return_pct,25.795886570380006
Pre-Training OOS (2023-07-01 to 2025-03-01),biweekly,overlay_80_20,bh_sharpe,0.7473549602262881
Pre-Training OOS (2023-07-01 to 2025-03-01),monthly,pure_topk,n_rebalances,20.0
Pre-Training OOS (2023-07-01 to 2025-03-01),monthly,pure_topk,net_cum_return_pct,34.09806774549228
Pre-Training OOS (2023-07-01 to 2025-03-01),monthly,pure_topk,gross_cum_return_pct,35.13474205708861
Pre-Training OOS (2023-07-01 to 2025-03-01),monthly,pure_topk,net_sharpe,0.8758642901280448
Pre-Training OOS (2023-07-01 to 2025-03-01),monthly,pure_topk,gross_sharpe,0.8962657262807627
Pre-Training OOS (2023-07-01 to 2025-03-01),monthly,pure_topk,max_drawdown_pct,-14.609480099418889
Pre-Training OOS (2023-07-01 to 2025-03-01),monthly,pure_topk,avg_turnover_per_rebalance,0.7797966549596004
Pre-Training OOS (2023-07-01 to 2025-03-01),monthly,pure_topk,cost_drag_pp,1.0366743115963288
Pre-Training OOS (2023-07-01 to 2025-03-01),monthly,pure_topk,information_ratio_vs_bh,0.30808916161791317
Pre-Training OOS (2023-07-01 to 2025-03-01),monthly,pure_topk,bh_cum_return_pct,26.287452832220602
Pre-Training OOS (2023-07-01 to 2025-03-01),monthly,pure_topk,bh_sharpe,0.690354124708957
Pre-Training OOS (2023-07-01 to 2025-03-01),monthly,overlay_80_20,n_rebalances,20.0
Pre-Training OOS (2023-07-01 to 2025-03-01),monthly,overlay_80_20,net_cum_return_pct,27.95083487299866
Pre-Training OOS (2023-07-01 to 2025-03-01),monthly,overlay_80_20,gross_cum_return_pct,28.19994897548941
Pre-Training OOS (2023-07-01 to 2025-03-01),monthly,overlay_80_20,net_sharpe,0.736874125705125
Pre-Training OOS (2023-07-01 to 2025-03-01),monthly,overlay_80_20,gross_sharpe,0.7419133568953303
Pre-Training OOS (2023-07-01 to 2025-03-01),monthly,overlay_80_20,max_drawdown_pct,-12.65414164923548
Pre-Training OOS (2023-07-01 to 2025-03-01),monthly,overlay_80_20,avg_turnover_per_rebalance,0.1959593309919201
Pre-Training OOS (2023-07-01 to 2025-03-01),monthly,overlay_80_20,cost_drag_pp,0.2491141024907506
Pre-Training OOS (2023-07-01 to 2025-03-01),monthly,overlay_80_20,information_ratio_vs_bh,0.2961623855355076
Pre-Training OOS (2023-07-01 to 2025-03-01),monthly,overlay_80_20,bh_cum_return_pct,26.287452832220602
Pre-Training OOS (2023-07-01 to 2025-03-01),monthly,overlay_80_20,bh_sharpe,0.690354124708957
